genomeID	true_lineage	nuc_changes
DEU/BY-USAFSAM-S23696/2025	XEP	241_C|T,670_T|G,897_C|A,2788_C|T,2790_C|T,3037_C|T,3431_G|T,3565_T|C,3961_C|T,4184_G|A,4321_C|T,4364_A|C,6183_A|G,6361_C|T,6385_C|T,7113_C|T,7842_A|G,8293_C|T,8393_G|A,9344_C|T,9424_A|G,9534_C|T,10029_C|T,10198_C|T,10447_G|A,10449_C|A,11042_G|T,11727_G|A,12043_C|T,12616_C|T,12789_C|T,12815_C|T,12880_C|T,13121_A|T,13339_T|C,14262_C|T,14408_C|T,15372_G|T,15714_C|T,15756_T|A,17334_G|T,17410_C|T,18163_A|G,18492_A|G,18747_C|T,18894_C|T,19722_A|G,19955_C|T,20055_A|G,20594_C|T,21618_C|T,21622_C|T,21624_G|C,21711_C|T,21941_G|T,21987_G|A,22032_T|C,22033_C|A,22034_A|G,22200_T|G,22208_C|T,22295_C|A,22353_C|A,22556_A|G,22577_G|C,22578_G|A,22629_A|C,22674_C|T,22679_T|C,22686_C|T,22688_A|G,22770_G|A,22775_G|A,22786_A|C,22813_G|T,22865_G|T,22882_T|G,22895_G|C,22896_T|A,22898_G|A,22910_A|G,22916_C|T,22917_T|G,22926_T|C,22928_T|C,22942_T|A,22992_G|A,22995_C|A,23005_T|A,23012_G|A,23018_T|C,23019_T|C,23039_C|G,23055_A|G,23063_A|T,23075_T|C,23222_G|A,23271_C|T,23403_A|G,23423_C|T,23525_C|T,23599_T|G,23604_C|G,23854_C|A,23948_G|T,24378_C|T,24424_A|T,24469_T|A,24872_G|T,24990_C|T,25000_C|T,25006_C|T,25207_C|T,25584_C|T,25721_C|T,26060_C|T,26270_C|T,26529_G|C,26577_C|G,26610_A|G,26645_C|T,26681_C|T,26709_G|A,26833_C|T,26858_C|T,27259_A|C,27382_G|C,27383_A|T,27384_T|C,27807_C|T,27810_T|C,28271_A|T,28291_C|A,28311_C|T,28720_C|T,28881_G|A,28882_G|A,28883_G|C,28884_G|C,28958_C|A,29510_A|C,29668_C|T,686_694,11288_11296,21633_21641,21653_21655,21765_21770,21992_21994,22194_22196,23009_23011,28362_28370,29734_29759,21608_.|TCATGCCGTTGT
Denmark/DCGC-691520/2024	XEP	241_C|T,670_T|G,897_C|A,2788_C|T,2790_C|T,3037_C|T,3431_G|T,3565_T|C,3961_C|T,4009_C|T,4184_G|A,4321_C|T,4364_A|C,6183_A|G,7113_C|T,7842_A|G,8293_C|T,8393_G|A,9344_C|T,9424_A|G,9534_C|T,10029_C|T,10198_C|T,10447_G|A,10449_C|A,10456_C|T,11042_G|T,11727_G|A,12616_C|T,12789_C|T,12815_C|T,12880_C|T,13121_A|T,13339_T|C,14408_C|T,15372_G|T,15714_C|T,15756_T|A,17334_G|T,17410_C|T,18163_A|G,18492_A|G,18747_C|T,18894_C|T,19722_A|G,19955_C|T,20055_A|G,20594_C|T,21618_C|T,21622_C|T,21624_G|C,21711_C|T,21941_G|T,21987_G|A,22032_T|C,22033_C|A,22034_A|G,22200_T|G,22208_C|T,22295_C|A,22353_C|A,22556_A|G,22577_G|C,22578_G|A,22629_A|C,22674_C|T,22679_T|C,22686_C|T,22688_A|G,22770_G|A,22775_G|A,22786_A|C,22813_G|T,22865_G|T,22882_T|G,22895_G|C,22896_T|A,22898_G|A,22910_A|G,22916_C|T,22917_T|G,22926_T|C,22928_T|C,22942_T|A,22992_G|A,22995_C|A,23005_T|A,23012_G|A,23018_T|C,23019_T|C,23039_C|G,23055_A|G,23063_A|T,23075_T|C,23222_G|A,23271_C|T,23403_A|G,23423_C|T,23525_C|T,23599_T|G,23604_C|G,23854_C|A,23948_G|T,24378_C|T,24424_A|T,24469_T|A,24872_G|T,24990_C|T,25000_C|T,25006_C|T,25207_C|T,25584_C|T,25721_C|T,26060_C|T,26270_C|T,26469_C|T,26529_G|C,26577_C|G,26610_A|G,26681_C|T,26709_G|A,26822_C|T,26833_C|T,26858_C|T,27259_A|C,27382_G|C,27383_A|T,27384_T|C,27720_T|C,27739_C|T,27807_C|T,27810_T|C,28271_A|T,28291_C|A,28311_C|T,28720_C|T,28881_G|A,28882_G|A,28883_G|C,28884_G|C,28958_C|A,29510_A|C,11288_11296,21633_21641,21653_21655,21765_21770,21992_21994,22194_22196,28362_28370,29734_29759,21608_.|TCATGCCGCTGT
OZ194821	XEP	241_C|T,670_T|G,897_C|A,2790_C|T,3037_C|T,3431_G|T,3565_T|C,3961_C|T,4184_G|A,4321_C|T,4364_A|C,6183_A|G,7113_C|T,7842_A|G,8293_C|T,8393_G|A,9344_C|T,9424_A|G,9534_C|T,10029_C|T,10198_C|T,10447_G|A,10449_C|A,11042_G|T,11471_C|T,11727_G|A,12616_C|T,12789_C|T,12815_C|T,12880_C|T,13121_A|T,13339_T|C,14408_C|T,15372_G|T,15714_C|T,15756_T|A,17334_G|T,17410_C|T,18163_A|G,18492_A|G,18894_C|T,19722_A|G,19955_C|T,20055_A|G,20594_C|T,21618_C|T,21622_C|T,21624_G|C,21711_C|T,21941_G|T,21987_G|A,22032_T|C,22033_C|A,22034_A|G,22200_T|G,22208_C|T,22295_C|A,22353_C|A,22556_A|G,22577_G|C,22578_G|A,22629_A|C,22674_C|T,22679_T|C,22686_C|T,22688_A|G,22775_G|A,22786_A|C,22813_G|T,22865_G|T,22882_T|G,22895_G|C,22896_T|A,22898_G|A,22910_A|G,22916_C|T,22917_T|G,22926_T|C,22928_T|C,22942_T|A,22992_G|A,22995_C|A,23005_T|A,23012_G|A,23018_T|C,23019_T|C,23039_C|G,23055_A|G,23063_A|T,23075_T|C,23222_G|A,23271_C|T,23403_A|G,23423_C|T,23525_C|T,23599_T|G,23604_C|G,23854_C|A,23948_G|T,24378_C|T,24424_A|T,24469_T|A,24872_G|T,24990_C|T,25000_C|T,25006_C|T,25207_C|T,25584_C|T,25721_C|T,26060_C|T,26270_C|T,26529_G|C,26577_C|G,26681_C|T,26709_G|A,26833_C|T,26858_C|T,27259_A|C,27382_G|C,27383_A|T,27384_T|C,27721_A|G,27807_C|T,27810_T|C,28271_A|T,28291_C|A,28311_C|T,28720_C|T,28881_G|A,28882_G|A,28883_G|C,28884_G|C,28958_C|A,29510_A|C,29545_C|T,11288_11296,21992_21994,22194_22196,29734_29759
OZ240066	XEP	21_C|T,241_C|T,670_T|G,897_C|A,2790_C|T,3037_C|T,3431_G|T,3565_T|C,3961_C|T,4184_G|A,4321_C|T,4364_A|C,6183_A|G,7113_C|T,7842_A|G,8293_C|T,8393_G|A,9344_C|T,9424_A|G,9534_C|T,10029_C|T,10198_C|T,10447_G|A,10449_C|A,11042_G|T,11727_G|A,12616_C|T,12789_C|T,12815_C|T,12880_C|T,13121_A|T,13339_T|C,14408_C|T,15372_G|T,15714_C|T,15756_T|A,17334_G|T,17410_C|T,18163_A|G,18492_A|G,18894_C|T,19722_A|G,19955_C|T,20055_A|G,20594_C|T,20982_T|C,21610_T|C,21711_C|T,21941_G|T,21987_G|A,22032_T|C,22033_C|A,22034_A|G,22200_T|G,22208_C|T,22295_C|A,22353_C|A,22556_A|G,22577_G|C,22578_G|A,22629_A|C,22674_C|T,22679_T|C,22686_C|T,22688_A|G,22770_G|A,22775_G|A,22786_A|C,22813_G|T,22865_G|T,22882_T|G,22895_G|C,22896_T|A,22898_G|A,22910_A|G,22916_C|T,22917_T|G,22926_T|C,22928_T|C,22942_T|A,22992_G|A,22995_C|A,23005_T|A,23012_G|A,23018_T|C,23019_T|C,23039_C|G,23055_A|G,23063_A|T,23075_T|C,23222_G|A,23271_C|T,23403_A|G,23423_C|T,23525_C|T,23599_T|G,23604_C|G,23854_C|A,23948_G|T,24378_C|T,24386_G|A,24424_A|T,24469_T|A,24872_G|T,24990_C|T,25000_C|T,25006_C|T,25207_C|T,25584_C|T,25721_C|T,26060_C|T,26270_C|T,26529_G|C,26577_C|G,26610_A|G,26681_C|T,26709_G|A,26833_C|T,26858_C|T,27259_A|C,27382_G|C,27383_A|T,27384_T|C,27807_C|T,27810_T|C,28271_A|T,28291_C|A,28311_C|T,28720_C|T,28881_G|A,28882_G|A,28883_G|C,28884_G|C,28958_C|A,29510_A|C,11288_11296,21653_21655,21765_21770,21992_21994,22194_22196,23009_23011,28362_28370,29734_29759
OZ244300	XEP	241_C|T,670_T|G,897_C|A,2790_C|T,3037_C|T,3431_G|T,3565_T|C,3961_C|T,4184_G|A,4321_C|T,4364_A|C,6183_A|G,7113_C|T,7842_A|G,8293_C|T,8393_G|A,9344_C|T,9424_A|G,9534_C|T,10029_C|T,10198_C|T,10447_G|A,10449_C|A,11042_G|T,11727_G|A,12616_C|T,12789_C|T,12815_C|T,12880_C|T,13121_A|T,13339_T|C,14408_C|T,15175_A|G,15372_G|T,15714_C|T,15756_T|A,17334_G|T,17410_C|T,18163_A|G,18492_A|G,18582_C|T,18894_C|T,19722_A|G,19955_C|T,20055_A|G,20594_C|T,21618_C|T,21622_C|T,21624_G|C,21711_C|T,21772_C|T,21941_G|T,21987_G|A,22032_T|C,22033_C|A,22034_A|G,22191_T|C,22200_T|G,22208_C|T,22295_C|A,22353_C|A,22556_A|G,22577_G|C,22578_G|A,22629_A|C,22674_C|T,22679_T|C,22686_C|T,22688_A|G,22775_G|A,22786_A|C,22813_G|T,22865_G|T,22882_T|G,22895_G|C,22896_T|A,22898_G|A,22910_A|G,22916_C|T,22917_T|G,22926_T|C,22928_T|C,22942_T|A,22992_G|A,22995_C|A,23005_T|A,23012_G|A,23018_T|C,23019_T|C,23039_C|G,23055_A|G,23063_A|T,23075_T|C,23222_G|A,23271_C|T,23403_A|G,23423_C|T,23525_C|T,23599_T|G,23604_C|G,23854_C|A,23948_G|T,24378_C|T,24424_A|T,24469_T|A,24872_G|T,24990_C|T,25000_C|T,25006_C|T,25207_C|T,25584_C|T,25721_C|T,25889_C|T,26060_C|T,26270_C|T,26529_G|C,26577_C|G,26681_C|T,26709_G|A,26833_C|T,26858_C|T,27259_A|C,27382_G|C,27383_A|T,27384_T|C,27741_C|T,27807_C|T,27810_T|C,28271_A|T,28291_C|A,28311_C|T,28720_C|T,28881_G|A,28882_G|A,28883_G|C,28884_G|C,28958_C|A,29510_A|C,11288_11296,21992_21994,22194_22196,23009_23011,29734_29759
OZ244334	XEP	241_C|T,670_T|G,897_C|A,2790_C|T,3037_C|T,3431_G|T,3565_T|C,3961_C|T,4184_G|A,4321_C|T,4364_A|C,6183_A|G,7113_C|T,7842_A|G,8293_C|T,8393_G|A,9344_C|T,9424_A|G,9534_C|T,10029_C|T,10198_C|T,10447_G|A,10449_C|A,11042_G|T,11727_G|A,12616_C|T,12789_C|T,12815_C|T,12880_C|T,13121_A|T,13339_T|C,14408_C|T,15175_A|G,15372_G|T,15714_C|T,15756_T|A,17334_G|T,17410_C|T,18163_A|G,18492_A|G,18582_C|T,18894_C|T,19722_A|G,19955_C|T,20055_A|G,20594_C|T,21618_C|T,21622_C|T,21624_G|C,21711_C|T,21766_A|T,21941_G|T,21987_G|A,22032_T|C,22033_C|A,22034_A|G,22191_T|C,22200_T|G,22208_C|T,22295_C|A,22353_C|A,22522_C|T,22556_A|G,22577_G|C,22578_G|A,22629_A|C,22674_C|T,22679_T|C,22686_C|T,22688_A|G,22770_G|A,22775_G|A,22786_A|C,22813_G|T,22865_G|T,22882_T|G,22895_G|C,22896_T|A,22898_G|A,22910_A|G,22916_C|T,22917_T|G,22926_T|C,22928_T|C,22942_T|A,22992_G|A,22995_C|A,23005_T|A,23012_G|A,23018_T|C,23019_T|C,23039_C|G,23055_A|G,23063_A|T,23075_T|C,23222_G|A,23271_C|T,23403_A|G,23423_C|T,23525_C|T,23599_T|G,23604_C|G,23854_C|A,23948_G|T,24378_C|T,24424_A|T,24469_T|A,24872_G|T,24990_C|T,25000_C|T,25006_C|T,25207_C|T,25584_C|T,25721_C|T,25889_C|T,26060_C|T,26270_C|T,26529_G|C,26577_C|G,26610_A|G,26681_C|T,26709_G|A,26833_C|T,26858_C|T,27259_A|C,27382_G|C,27383_A|T,27384_T|C,27741_C|T,27807_C|T,27810_T|C,28271_A|T,28291_C|A,28311_C|T,28720_C|T,28881_G|A,28882_G|A,28883_G|C,28884_G|C,28958_C|A,29510_A|C,11288_11296,21633_21641,21653_21655,21767_21772,21992_21994,22194_22196,23009_23011,28362_28370,21608_.|TCATGCCGCTGT
OZ249665	XEP	241_C|T,670_T|G,897_C|A,2790_C|T,3037_C|T,3431_G|T,3565_T|C,3961_C|T,4184_G|A,4321_C|T,4364_A|C,6183_A|G,7113_C|T,7842_A|G,8293_C|T,8393_G|A,9344_C|T,9424_A|G,9534_C|T,10029_C|T,10198_C|T,10447_G|A,10449_C|A,11042_G|T,11727_G|A,12616_C|T,12789_C|T,12815_C|T,12880_C|T,13121_A|T,13339_T|C,14408_C|T,15175_A|G,15372_G|T,15714_C|T,15756_T|A,17334_G|T,17410_C|T,18163_A|G,18492_A|G,18582_C|T,18894_C|T,19722_A|G,19955_C|T,20055_A|G,20594_C|T,21618_C|T,21622_C|T,21624_G|C,21711_C|T,21766_A|T,21941_G|T,21987_G|A,22032_T|C,22033_C|A,22034_A|G,22191_T|C,22200_T|G,22208_C|T,22295_C|A,22353_C|A,22522_C|T,22556_A|G,22577_G|C,22578_G|A,22629_A|C,22674_C|T,22679_T|C,22686_C|T,22688_A|G,22770_G|A,22775_G|A,22786_A|C,22813_G|T,22865_G|T,22882_T|G,22895_G|C,22896_T|A,22898_G|A,22910_A|G,22916_C|T,22917_T|G,22926_T|C,22928_T|C,22942_T|A,22992_G|A,22995_C|A,23005_T|A,23012_G|A,23018_T|C,23019_T|C,23039_C|G,23055_A|G,23063_A|T,23075_T|C,23222_G|A,23271_C|T,23403_A|G,23423_C|T,23525_C|T,23599_T|G,23604_C|G,23854_C|A,23948_G|T,24378_C|T,24424_A|T,24469_T|A,24872_G|T,24990_C|T,25000_C|T,25006_C|T,25207_C|T,25584_C|T,25721_C|T,25889_C|T,26060_C|T,26270_C|T,26529_G|C,26577_C|G,26610_A|G,26681_C|T,26709_G|A,26833_C|T,26858_C|T,27259_A|C,27382_G|C,27383_A|T,27384_T|C,27741_C|T,27807_C|T,27810_T|C,28271_A|T,28291_C|A,28311_C|T,28720_C|T,28881_G|A,28882_G|A,28883_G|C,28884_G|C,28958_C|A,29510_A|C,11288_11296,21633_21641,21653_21655,21767_21772,21992_21994,22194_22196,23009_23011,28362_28370,21608_.|TCATGCCGCTGT
OZ252363	XEP	241_C|T,670_T|G,897_C|A,1392_C|T,2790_C|T,3037_C|T,3431_G|T,3565_T|C,3961_C|T,4184_G|A,4321_C|T,4364_A|C,6183_A|G,6723_C|T,7113_C|T,7842_A|G,8293_C|T,8393_G|A,9344_C|T,9424_A|G,9534_C|T,10029_C|T,10198_C|T,10447_G|A,10449_C|A,11042_G|T,11727_G|A,12616_C|T,12789_C|T,12815_C|T,12880_C|T,13121_A|T,13339_T|C,14408_C|T,15372_G|T,15714_C|T,15756_T|A,16563_T|C,17334_G|T,17410_C|T,18163_A|G,18492_A|G,18894_C|T,19722_A|G,19955_C|T,20055_A|G,20594_C|T,21618_C|T,21622_C|T,21624_G|C,21711_C|T,21941_G|T,21987_G|A,22032_T|C,22033_C|A,22034_A|G,22200_T|G,22208_C|T,22295_C|A,22353_C|A,22556_A|G,22577_G|C,22578_G|A,22629_A|C,22674_C|T,22679_T|C,22686_C|T,22688_A|G,22716_C|T,22770_G|A,22775_G|A,22786_A|C,22813_G|T,22865_G|T,22882_T|G,22895_G|C,22896_T|A,22898_G|A,22910_A|G,22916_C|T,22917_T|G,22926_T|C,22928_T|C,22942_T|A,22992_G|A,22995_C|A,23005_T|A,23012_G|A,23018_T|C,23019_T|C,23039_C|G,23055_A|G,23063_A|T,23075_T|C,23222_G|A,23271_C|T,23403_A|G,23423_C|T,23525_C|T,23599_T|G,23604_C|G,23854_C|A,23948_G|T,24378_C|T,24424_A|T,24469_T|A,24872_G|T,24990_C|T,25000_C|T,25006_C|T,25207_C|T,25584_C|T,25721_C|T,26060_C|T,26270_C|T,26529_G|C,26577_C|G,26610_A|G,26681_C|T,26709_G|A,26833_C|T,26858_C|T,27259_A|C,27382_G|C,27383_A|T,27384_T|C,27807_C|T,27810_T|C,28271_A|T,28291_C|A,28311_C|T,28720_C|T,28881_G|A,28882_G|A,28883_G|C,28884_G|C,28958_C|A,29510_A|C,11288_11296,21633_21641,21653_21655,21765_21770,21992_21994,22194_22196,23009_23011,28362_28370,29734_29759,21607_.|GNNNNNNNNNNN
USA/NY-PRL-250128_81H05/2025	XEP	241_C|T,670_T|G,897_C|A,2469_C|T,2790_C|T,3037_C|T,3431_G|T,3565_T|C,3961_C|T,4184_G|A,4321_C|T,4364_A|C,6183_A|G,7113_C|T,7842_A|G,8293_C|T,8393_G|A,9344_C|T,9424_A|G,9534_C|T,10029_C|T,10198_C|T,10447_G|A,10449_C|A,11042_G|T,11727_G|A,12616_C|T,12789_C|T,12815_C|T,12880_C|T,13121_A|T,13339_T|C,14408_C|T,15372_G|T,15714_C|T,15756_T|A,17334_G|T,17410_C|T,18163_A|G,18492_A|G,18894_C|T,19722_A|G,19955_C|T,20055_A|G,20594_C|T,20762_C|T,21618_C|T,21622_C|T,21624_G|C,21711_C|T,21941_G|T,21987_G|A,22032_T|C,22033_C|A,22034_A|G,22200_T|G,22208_C|T,22295_C|A,22353_C|A,22556_A|G,22577_G|C,22578_G|A,22629_A|C,22674_C|T,22679_T|C,22686_C|T,22688_A|G,22770_G|A,22775_G|A,22786_A|C,22813_G|T,22865_G|T,22882_T|G,22895_G|C,22896_T|A,22898_G|A,22910_A|G,22916_C|T,22917_T|G,22926_T|C,22928_T|C,22942_T|A,22992_G|A,22995_C|A,23005_T|A,23012_G|A,23018_T|C,23019_T|C,23039_C|G,23055_A|G,23063_A|T,23075_T|C,23222_G|A,23271_C|T,23403_A|G,23423_C|T,23525_C|T,23599_T|G,23604_C|G,23854_C|A,23948_G|T,24378_C|T,24424_A|T,24469_T|A,24872_G|T,24990_C|T,25000_C|T,25006_C|T,25207_C|T,25584_C|T,25617_G|T,25721_C|T,26060_C|T,26270_C|T,26529_G|C,26577_C|G,26610_A|G,26681_C|T,26709_G|A,26833_C|T,26858_C|T,27259_A|C,27382_G|C,27383_A|T,27384_T|C,27807_C|T,27810_T|C,28271_A|T,28291_C|A,28311_C|T,28720_C|T,28881_G|A,28882_G|A,28883_G|C,28884_G|C,28958_C|A,29510_A|C,11288_11296,21633_21641,21653_21655,21765_21770,21992_21994,22194_22196,23009_23011,28362_28370,29734_29759
IGS-10285-CVDP-1D379431-04FF-418E-98C9-053C8EE1953E	XEP	241_C|T,670_T|G,897_C|A,2790_C|T,3037_C|T,3431_G|T,3565_T|C,3961_C|T,4184_G|A,4321_C|T,4364_A|C,6183_A|G,7113_C|T,7842_A|G,8293_C|T,8393_G|A,9344_C|T,9424_A|G,9534_C|T,10029_C|T,10198_C|T,10447_G|A,10449_C|A,10456_C|T,11042_G|T,11727_G|A,12616_C|T,12789_C|T,12815_C|T,12880_C|T,13121_A|T,13339_T|C,14408_C|T,15372_G|T,15714_C|T,15756_T|A,17334_G|T,17410_C|T,18163_A|G,18492_A|G,18747_C|T,18894_C|T,19722_A|G,19955_C|T,20055_A|G,20594_C|T,21618_C|T,21622_C|T,21624_G|C,21711_C|T,21941_G|T,22032_T|C,22033_C|A,22034_A|G,22200_T|G,22208_C|T,22295_C|A,22353_C|A,22556_A|G,22577_G|C,22578_G|A,22629_A|C,22674_C|T,22679_T|C,22686_C|T,22688_A|G,22770_G|A,22775_G|A,22786_A|C,22813_G|T,22865_G|T,22882_T|G,22895_G|C,22896_T|A,22898_G|A,22910_A|G,22916_C|T,22917_T|G,22926_T|C,22928_T|C,22942_T|A,22992_G|A,22995_C|A,23005_T|A,23012_G|A,23018_T|C,23019_T|C,23039_C|G,23055_A|G,23063_A|T,23075_T|C,23222_G|A,23271_C|T,23403_A|G,23423_C|T,23525_C|T,23599_T|G,23604_C|G,23854_C|A,23948_G|T,24378_C|T,24424_A|T,24469_T|A,24872_G|T,24990_C|T,25000_C|T,25006_C|T,25207_C|T,25584_C|T,25721_C|T,26060_C|T,26270_C|T,26529_G|C,26577_C|G,26610_A|G,26681_C|T,26709_G|A,26822_C|T,26833_C|T,26858_C|T,27259_A|C,27382_G|C,27383_A|T,27384_T|C,27807_C|T,27810_T|C,28271_A|T,28291_C|A,28311_C|T,28453_C|T,28720_C|T,28881_G|A,28882_G|A,28883_G|C,28884_G|C,28958_C|A,29510_A|C,11288_11296,21633_21641,21653_21655,21765_21770,21992_21994,22194_22196,23009_23011,28362_28370,29734_29759,21608_.|TCATGCCGCTGT
IGS-10285-CVDP-381F5AA7-4AF0-47FC-9BE3-E70DF6923A50	XEP	241_C|T,670_T|G,897_C|A,2790_C|T,3037_C|T,3431_G|T,3565_T|C,3961_C|T,4184_G|A,4321_C|T,4364_A|C,6183_A|G,7113_C|T,7842_A|G,8293_C|T,8393_G|A,9344_C|T,9424_A|G,9534_C|T,10029_C|T,10198_C|T,10447_G|A,10449_C|A,11042_G|T,11727_G|A,12616_C|T,12789_C|T,12815_C|T,12880_C|T,13121_A|T,13339_T|C,14408_C|T,15372_G|T,15714_C|T,15756_T|A,17334_G|T,17410_C|T,18163_A|G,18492_A|G,18894_C|T,19722_A|G,19955_C|T,20055_A|G,20594_C|T,21618_C|T,21622_C|T,21624_G|C,21711_C|T,21941_G|T,21987_G|A,22032_T|C,22033_C|A,22034_A|G,22200_T|G,22208_C|T,22295_C|A,22353_C|A,22556_A|G,22577_G|C,22578_G|A,22629_A|C,22674_C|T,22679_T|C,22686_C|T,22688_A|G,22770_G|A,22775_G|A,22786_A|C,22813_G|T,22865_G|T,22882_T|G,22895_G|C,22896_T|A,22898_G|A,22910_A|G,22916_C|T,22917_T|G,22926_T|C,22928_T|C,22942_T|A,22992_G|A,22995_C|A,23005_T|A,23012_G|A,23018_T|C,23019_T|C,23039_C|G,23055_A|G,23063_A|T,23075_T|C,23222_G|A,23271_C|T,23403_A|G,23423_C|T,23525_C|T,23599_T|G,23604_C|G,23854_C|A,23948_G|T,24378_C|T,24424_A|T,24469_T|A,24872_G|T,24990_C|T,25000_C|T,25006_C|T,25207_C|T,25584_C|T,25714_C|T,25721_C|T,26060_C|T,26270_C|T,26529_G|C,26577_C|G,26610_A|G,26681_C|T,26709_G|A,26833_C|T,26858_C|T,27259_A|C,27382_G|C,27383_A|T,27384_T|C,27807_C|T,27810_T|C,28271_A|T,28291_C|A,28311_C|T,28720_C|T,28881_G|A,28882_G|A,28883_G|C,28884_G|C,28958_C|A,29510_A|C,11288_11296,21633_21641,21653_21655,21765_21770,21992_21994,22194_22196,23009_23011,28362_28370,29734_29759,21608_.|TCATGCCGCTGT
IGS-10285-CVDP-3C930CB4-F757-4223-BD0A-0E381B743BBC	XEP	241_C|T,670_T|G,897_C|A,2788_C|T,2790_C|T,3037_C|T,3431_G|T,3565_T|C,3961_C|T,4184_G|A,4321_C|T,4364_A|C,6183_A|G,6361_C|T,7113_C|T,7842_A|G,8293_C|T,8393_G|A,9344_C|T,9424_A|G,9534_C|T,10029_C|T,10198_C|T,10447_G|A,10449_C|A,11042_G|T,11727_G|A,12616_C|T,12789_C|T,12815_C|T,12880_C|T,13121_A|T,13339_T|C,14262_C|T,14408_C|T,15372_G|T,15714_C|T,15756_T|A,17334_G|T,17410_C|T,18163_A|G,18492_A|G,18747_C|T,18894_C|T,19722_A|G,19955_C|T,20055_A|G,20594_C|T,21618_C|T,21622_C|T,21624_G|C,21711_C|T,21941_G|T,21987_G|A,22032_T|C,22033_C|A,22034_A|G,22200_T|G,22208_C|T,22295_C|A,22353_C|A,22556_A|G,22577_G|C,22578_G|A,22629_A|C,22674_C|T,22679_T|C,22686_C|T,22688_A|G,22770_G|A,22775_G|A,22786_A|C,22813_G|T,22865_G|T,22882_T|G,22895_G|C,22896_T|A,22898_G|A,22910_A|G,22916_C|T,22917_T|G,22926_T|C,22928_T|C,22942_T|A,22992_G|A,22995_C|A,23005_T|A,23012_G|A,23018_T|C,23019_T|C,23039_C|G,23055_A|G,23063_A|T,23075_T|C,23222_G|A,23271_C|T,23403_A|G,23423_C|T,23525_C|T,23599_T|G,23604_C|G,23854_C|A,23948_G|T,24378_C|T,24424_A|T,24469_T|A,24872_G|T,24990_C|T,25000_C|T,25006_C|T,25207_C|T,25584_C|T,25721_C|T,26060_C|T,26270_C|T,26529_G|C,26577_C|G,26610_A|G,26645_C|T,26681_C|T,26709_G|A,26833_C|T,26858_C|T,27259_A|C,27382_G|C,27383_A|T,27384_T|C,27807_C|T,27810_T|C,28271_A|T,28291_C|A,28311_C|T,28720_C|T,28881_G|A,28882_G|A,28883_G|C,28884_G|C,28958_C|A,29510_A|C,11288_11296,21633_21641,21653_21655,21765_21770,21992_21994,22194_22196,23009_23011,28362_28370,29734_29759,21608_.|TCATGCCGTTGT
IGS-10285-CVDP-5A1495D6-8F6C-4A94-BEB5-FEE037C64586	XEP	241_C|T,670_T|G,897_C|A,2790_C|T,3037_C|T,3431_G|T,3565_T|C,3961_C|T,4184_G|A,4321_C|T,4364_A|C,6183_A|G,7113_C|T,7842_A|G,8293_C|T,8393_G|A,9344_C|T,9424_A|G,9534_C|T,10029_C|T,10198_C|T,10447_G|A,10449_C|A,10456_C|T,11042_G|T,11727_G|A,12616_C|T,12789_C|T,12815_C|T,12880_C|T,13121_A|T,13339_T|C,14408_C|T,15372_G|T,15714_C|T,15756_T|A,17334_G|T,17410_C|T,18163_A|G,18492_A|G,18568_C|T,18747_C|T,18894_C|T,19722_A|G,19955_C|T,19986_T|C,20055_A|G,20594_C|T,21618_C|T,21622_C|T,21624_G|C,21711_C|T,21941_G|T,21987_G|A,22032_T|C,22033_C|A,22034_A|G,22200_T|G,22208_C|T,22295_C|A,22353_C|A,22556_A|G,22577_G|C,22578_G|A,22629_A|C,22674_C|T,22679_T|C,22686_C|T,22688_A|G,22770_G|A,22775_G|A,22786_A|C,22813_G|T,22865_G|T,22882_T|G,22895_G|C,22896_T|A,22898_G|A,22910_A|G,22916_C|T,22917_T|G,22926_T|C,22928_T|C,22942_T|A,22992_G|A,22995_C|A,23005_T|A,23012_G|A,23018_T|C,23019_T|C,23039_C|G,23055_A|G,23063_A|T,23075_T|C,23222_G|A,23271_C|T,23403_A|G,23423_C|T,23525_C|T,23599_T|G,23604_C|G,23854_C|A,23948_G|T,24378_C|T,24424_A|T,24469_T|A,24872_G|T,24990_C|T,25000_C|T,25006_C|T,25207_C|T,25584_C|T,25721_C|T,26060_C|T,26270_C|T,26469_C|T,26529_G|C,26577_C|G,26610_A|G,26681_C|T,26709_G|A,26822_C|T,26833_C|T,26858_C|T,27259_A|C,27382_G|C,27383_A|T,27384_T|C,27807_C|T,27810_T|C,28271_A|T,28291_C|A,28311_C|T,28720_C|T,28881_G|A,28882_G|A,28883_G|C,28884_G|C,28958_C|A,29510_A|C,11288_11296,21633_21641,21653_21655,21765_21770,21992_21994,22194_22196,23009_23011,28362_28370,29734_29759,21608_.|TCATGCCGCTGT
IGS-10285-CVDP-8597E214-B63D-41FA-9A94-9849DD9E0A87	XEP	241_C|T,670_T|G,823_C|T,897_C|A,2790_C|T,3037_C|T,3431_G|T,3565_T|C,3961_C|T,4184_G|A,4321_C|T,4364_A|C,6183_A|G,7113_C|T,7842_A|G,8293_C|T,8393_G|A,9344_C|T,9424_A|G,9534_C|T,10029_C|T,10198_C|T,10447_G|A,10449_C|A,10456_C|T,11042_G|T,11727_G|A,12616_C|T,12789_C|T,12815_C|T,12880_C|T,13121_A|T,13339_T|C,14408_C|T,15372_G|T,15540_C|T,15714_C|T,15756_T|A,17334_G|T,17410_C|T,18163_A|G,18492_A|G,18747_C|T,18894_C|T,19722_A|G,19955_C|T,20055_A|G,20594_C|T,21618_C|T,21622_C|T,21624_G|C,21711_C|T,21941_G|T,22032_T|C,22033_C|A,22034_A|G,22200_T|G,22208_C|T,22295_C|A,22353_C|A,22556_A|G,22577_G|C,22578_G|A,22629_A|C,22674_C|T,22679_T|C,22686_C|T,22688_A|G,22770_G|A,22775_G|A,22786_A|C,22813_G|T,22865_G|T,22882_T|G,22895_G|C,22896_T|A,22898_G|A,22910_A|G,22916_C|T,22917_T|G,22926_T|C,22928_T|C,22942_T|A,22992_G|A,22995_C|A,23005_T|A,23012_G|A,23018_T|C,23019_T|C,23039_C|G,23055_A|G,23063_A|T,23075_T|C,23222_G|A,23271_C|T,23403_A|G,23423_C|T,23525_C|T,23599_T|G,23604_C|G,23854_C|A,23948_G|T,24378_C|T,24424_A|T,24469_T|A,24872_G|T,24990_C|T,25000_C|T,25006_C|T,25207_C|T,25584_C|T,25721_C|T,26060_C|T,26270_C|T,26469_C|T,26529_G|C,26577_C|G,26610_A|G,26681_C|T,26709_G|A,26822_C|T,26833_C|T,26858_C|T,27259_A|C,27382_G|C,27383_A|T,27384_T|C,27807_C|T,27810_T|C,28271_A|T,28291_C|A,28311_C|T,28720_C|T,28881_G|A,28882_G|A,28883_G|C,28884_G|C,28958_C|A,29510_A|C,11288_11296,21633_21641,21653_21655,21765_21770,21992_21994,22194_22196,23009_23011,28362_28370,29734_29759,21608_.|TCATGCCGCTGT
IGS-10285-CVDP-D83DEB50-944B-44BE-8F83-99C4C53B1EA5	XEP	186_C|T,241_C|T,670_T|G,897_C|A,2790_C|T,3037_C|T,3431_G|T,3565_T|C,3961_C|T,4184_G|A,4321_C|T,4364_A|C,6183_A|G,7113_C|T,7842_A|G,8293_C|T,8393_G|A,9344_C|T,9424_A|G,9534_C|T,10029_C|T,10198_C|T,10447_G|A,10449_C|A,11042_G|T,11727_G|A,12616_C|T,12789_C|T,12815_C|T,12880_C|T,13121_A|T,13339_T|C,14408_C|T,15372_G|T,15714_C|T,15756_T|A,17334_G|T,17410_C|T,18163_A|G,18492_A|G,18747_C|T,18894_C|T,19722_A|G,19955_C|T,20055_A|G,20594_C|T,21618_C|T,21622_C|T,21624_G|C,21711_C|T,21941_G|T,21987_G|A,22032_T|C,22033_C|A,22034_A|G,22200_T|G,22208_C|T,22295_C|A,22353_C|A,22556_A|G,22577_G|C,22578_G|A,22629_A|C,22674_C|T,22679_T|C,22686_C|T,22688_A|G,22770_G|A,22775_G|A,22786_A|C,22813_G|T,22865_G|T,22882_T|G,22895_G|C,22896_T|A,22898_G|A,22910_A|G,22916_C|T,22917_T|G,22926_T|C,22928_T|C,22942_T|A,22992_G|A,22995_C|A,23005_T|A,23012_G|A,23018_T|C,23019_T|C,23039_C|G,23055_A|G,23063_A|T,23075_T|C,23222_G|A,23271_C|T,23403_A|G,23423_C|T,23525_C|T,23599_T|G,23604_C|G,23854_C|A,23948_G|T,24378_C|T,24424_A|T,24469_T|A,24872_G|T,24990_C|T,25000_C|T,25006_C|T,25207_C|T,25584_C|T,25721_C|T,26060_C|T,26270_C|T,26529_G|C,26577_C|G,26610_A|G,26681_C|T,26709_G|A,26833_C|T,26858_C|T,27259_A|C,27382_G|C,27383_A|T,27384_T|C,27807_C|T,27810_T|C,28271_A|T,28291_C|A,28311_C|T,28720_C|T,28881_G|A,28882_G|A,28883_G|C,28884_G|C,28958_C|A,29510_A|C,29700_A|G,11288_11296,21633_21641,21653_21655,21765_21770,21992_21994,22194_22196,23009_23011,28362_28370,29734_29759,21608_.|TCATGCCGCTGT
IGS-10285-CVDP-E57479FB-0D70-42D9-B633-CC518DBBBD13	XEP	241_C|T,670_T|G,897_C|A,2790_C|T,3037_C|T,3431_G|T,3565_T|C,3961_C|T,4184_G|A,4321_C|T,4364_A|C,6183_A|G,7113_C|T,7842_A|G,8293_C|T,8393_G|A,9344_C|T,9424_A|G,9534_C|T,9943_C|T,10029_C|T,10198_C|T,10447_G|A,10449_C|A,11042_G|T,11727_G|A,12616_C|T,12789_C|T,12815_C|T,12880_C|T,13121_A|T,13339_T|C,14076_C|T,14408_C|T,15372_G|T,15714_C|T,15756_T|A,17334_G|T,17410_C|T,18163_A|G,18492_A|G,18894_C|T,19722_A|G,19955_C|T,20055_A|G,20594_C|T,21618_C|T,21622_C|T,21624_G|C,21711_C|T,21941_G|T,21987_G|A,22032_T|C,22033_C|A,22034_A|G,22200_T|G,22208_C|T,22295_C|A,22353_C|A,22556_A|G,22577_G|C,22578_G|A,22674_C|T,22679_T|C,22686_C|T,22688_A|G,22770_G|A,22775_G|A,22786_A|C,22813_G|T,22865_G|T,22882_T|G,22895_G|C,22896_T|A,22898_G|A,22910_A|G,22916_C|T,22917_T|G,22926_T|C,22928_T|C,22942_T|A,22992_G|A,22995_C|A,23012_G|A,23018_T|C,23019_T|C,23039_C|G,23055_A|G,23063_A|T,23075_T|C,23222_G|A,23271_C|T,23403_A|G,23423_C|T,23525_C|T,23599_T|G,23604_C|G,23854_C|A,23948_G|T,24378_C|T,24424_A|T,24469_T|A,24872_G|T,24990_C|T,25000_C|T,25006_C|T,25207_C|T,25584_C|T,25721_C|T,25767_G|T,26013_C|T,26060_C|T,26270_C|T,26529_G|C,26577_C|G,26610_A|G,26681_C|T,26709_G|A,26833_C|T,26858_C|T,27259_A|C,27372_A|T,27382_G|C,27383_A|T,27384_T|C,27807_C|T,27810_T|C,28271_A|T,28291_C|A,28311_C|T,28720_C|T,28881_G|A,28882_G|A,28883_G|C,28884_G|C,28958_C|A,29510_A|C,11288_11296,21633_21641,21653_21655,21765_21770,21992_21994,22194_22196,23009_23011,28362_28370,29734_29759,21608_.|TCATGCCGCTGT
IMS-10285-CVDP-64CEDE79-B9A6-44F8-A63F-ED302D89AE44	XEP	241_C|T,670_T|G,897_C|A,2790_C|T,3037_C|T,3431_G|T,3565_T|C,3961_C|T,4184_G|A,4321_C|T,4364_A|C,6183_A|G,7113_C|T,7842_A|G,8293_C|T,8393_G|A,9344_C|T,9424_A|G,9534_C|T,10029_C|T,10198_C|T,10447_G|A,10449_C|A,11042_G|T,11727_G|A,12616_C|T,12789_C|T,12815_C|T,12880_C|T,13121_A|T,13339_T|C,14408_C|T,15372_G|T,15714_C|T,15756_T|A,17334_G|T,17410_C|T,18163_A|G,18492_A|G,18747_C|T,18894_C|T,19722_A|G,19955_C|T,20055_A|G,20594_C|T,21618_C|T,21622_C|T,21624_G|C,21711_C|T,21941_G|T,21987_G|A,22032_T|C,22033_C|A,22034_A|G,22200_T|G,22208_C|T,22295_C|A,22353_C|A,22556_A|G,22577_G|C,22578_G|A,22629_A|C,22674_C|T,22679_T|C,22686_C|T,22688_A|G,22770_G|A,22775_G|A,22786_A|C,22813_G|T,22865_G|T,22882_T|G,22895_G|C,22896_T|A,22898_G|A,22910_A|G,22916_C|T,22917_T|G,22928_T|C,22942_T|A,22992_G|A,22995_C|A,23012_G|A,23018_T|C,23019_T|C,23039_C|G,23055_A|G,23063_A|T,23075_T|C,23222_G|A,23271_C|T,23403_A|G,23423_C|T,23525_C|T,23599_T|G,23604_C|G,23854_C|A,23948_G|T,24378_C|T,24424_A|T,24469_T|A,24872_G|T,24990_C|T,25000_C|T,25006_C|T,25207_C|T,25584_C|T,25721_C|T,26060_C|T,26270_C|T,26529_G|C,26577_C|G,26610_A|G,26681_C|T,26709_G|A,26833_C|T,26858_C|T,27259_A|C,27382_G|C,27383_A|T,27384_T|C,27807_C|T,27810_T|C,28271_A|T,28291_C|A,28311_C|T,28720_C|T,28881_G|A,28882_G|A,28883_G|C,28884_G|C,28958_C|A,29510_A|C,11288_11296,21633_21641,21653_21655,21765_21770,21992_21994,22194_22196,23009_23011,28362_28370,29734_29759,21608_.|TCATGCCGCTGT
